[
  {
    "id": 0,
    "name": "ad",
    "version": "2a4a3a6c-ca02-4f3e-950c-229a7357ae98",
    "installDate": "06/02/2014 04:29:29:595",
    "size": 292097837,
    "icon": "graphics/seeAppIcon.xhtml?processname=ad",
    "location": "9t79/cgsl/w0fs/z54t/ad",
    "download": "get_file.xhtml?file=/system/framework/framework-res.apk&name=ad-2a4a3a6c-ca02-4f3e-950c-229a7357ae98.apk&mime=application/octet-stream"
  },
  {
    "id": 1,
    "name": "elit",
    "version": "a3af3f42-fca4-4be0-8725-42fbd5249d76",
    "installDate": "15/05/2014 00:10:48:171",
    "size": 812076892,
    "icon": "graphics/seeAppIcon.xhtml?processname=elit",
    "location": "5sg/at3/849/elit",
    "download": "get_file.xhtml?file=/system/framework/framework-res.apk&name=elit-a3af3f42-fca4-4be0-8725-42fbd5249d76.apk&mime=application/octet-stream"
  },
  {
    "id": 2,
    "name": "aliqua",
    "version": "43c2b43f-28ab-42aa-94bb-a6dc2ef0fdc9",
    "installDate": "30/03/2014 16:27:36:891",
    "size": 121531704,
    "icon": "graphics/seeAppIcon.xhtml?processname=aliqua",
    "location": "xo7tyth/w2nuw9j/f3eactz/yitahnr/2dgkij4/srxivg5/55p9rgy/aliqua",
    "download": "get_file.xhtml?file=/system/framework/framework-res.apk&name=aliqua-43c2b43f-28ab-42aa-94bb-a6dc2ef0fdc9.apk&mime=application/octet-stream"
  },
  {
    "id": 3,
    "name": "amet",
    "version": "a5e4511d-136a-44cf-87d1-97319febd132",
    "installDate": "27/06/2014 21:08:46:844",
    "size": 989049056,
    "icon": "graphics/seeAppIcon.xhtml?processname=amet",
    "location": "q/amet",
    "download": "get_file.xhtml?file=/system/framework/framework-res.apk&name=amet-a5e4511d-136a-44cf-87d1-97319febd132.apk&mime=application/octet-stream"
  },
  {
    "id": 4,
    "name": "velit",
    "version": "effa91e6-d51f-4729-996f-36fd84c03186",
    "installDate": "02/03/2014 09:43:47:749",
    "size": 506507881,
    "icon": "graphics/seeAppIcon.xhtml?processname=velit",
    "location": "9neq/awoe/8jab/gurn/velit",
    "download": "get_file.xhtml?file=/system/framework/framework-res.apk&name=velit-effa91e6-d51f-4729-996f-36fd84c03186.apk&mime=application/octet-stream"
  },
  {
    "id": 5,
    "name": "in",
    "version": "7f5fdf19-01b0-43c7-9caf-260521514fe9",
    "installDate": "21/05/2014 04:20:24:030",
    "size": 59435480,
    "icon": "graphics/seeAppIcon.xhtml?processname=in",
    "location": "iw5/z5x/d3f/in",
    "download": "get_file.xhtml?file=/system/framework/framework-res.apk&name=in-7f5fdf19-01b0-43c7-9caf-260521514fe9.apk&mime=application/octet-stream"
  },
  {
    "id": 6,
    "name": "irure",
    "version": "54693fc8-5cca-47e8-96fd-7762ae386bfb",
    "installDate": "13/01/2014 06:20:43:339",
    "size": 935243216,
    "icon": "graphics/seeAppIcon.xhtml?processname=irure",
    "location": "j7a9sp6/svba5we/8rdrroc/m85sq8p/6uiv2lj/45j5kgp/oxvqo5i/irure",
    "download": "get_file.xhtml?file=/system/framework/framework-res.apk&name=irure-54693fc8-5cca-47e8-96fd-7762ae386bfb.apk&mime=application/octet-stream"
  }
]