[
    {
        "id": 0,
        "name": "Ortiz Lyons",
        "contactImg": "graphics/seeContactImg.xhtml?contactId=606",
        "emails": [
            "ortizlyons@pharmex.com",
            "ortizlyons@pharmex.com",
            "ortizlyons@pharmex.com",
            "ortizlyons@pharmex.com",
            "ortizlyons@pharmex.com"
        ],
        "phones": [
            "+1 (972) 597-3762",
            "+1 (941) 581-2082",
            "+1 (838) 483-2145"
        ]
    },
    {
        "id": 1,
        "name": "Maryellen Grimes",
        "contactImg": "graphics/seeContactImg.xhtml?contactId=618",
        "emails": [
            "maryellengrimes@pharmex.com",
            "maryellengrimes@pharmex.com",
            "maryellengrimes@pharmex.com",
            "maryellengrimes@pharmex.com",
            "maryellengrimes@pharmex.com"
        ],
        "phones": []
    },
    {
        "id": 2,
        "name": "Stone Martin",
        "contactImg": "graphics/seeContactImg.xhtml?contactId=37",
        "emails": [
            "stonemartin@pharmex.com",
            "stonemartin@pharmex.com"
        ],
        "phones": []
    },
    {
        "id": 3,
        "name": "Hess Lambert",
        "contactImg": "graphics/seeContactImg.xhtml?contactId=747",
        "emails": [
            "hesslambert@pharmex.com"
        ],
        "phones": [
            "+1 (928) 594-3630",
            "+1 (817) 539-3229",
            "+1 (997) 436-3469"
        ]
    },
    {
        "id": 4,
        "name": "Haynes Justice",
        "contactImg": "graphics/seeContactImg.xhtml?contactId=746",
        "emails": [
            "haynesjustice@pharmex.com",
            "haynesjustice@pharmex.com"
        ],
        "phones": []
    },
    {
        "id": 5,
        "name": "Martha Dale",
        "contactImg": "graphics/seeContactImg.xhtml?contactId=633",
        "emails": [
            "marthadale@pharmex.com",
            "marthadale@pharmex.com",
            "marthadale@pharmex.com",
            "marthadale@pharmex.com",
            "marthadale@pharmex.com"
        ],
        "phones": [
            "+1 (845) 588-2216",
            "+1 (866) 553-3591",
            "+1 (856) 491-2616",
            "+1 (916) 430-3267"
        ]
    },
    {
        "id": 6,
        "name": "Lowery Norton",
        "contactImg": "graphics/seeContactImg.xhtml?contactId=642",
        "emails": [
            "lowerynorton@pharmex.com"
        ],
        "phones": [
            "+1 (914) 543-3566",
            "+1 (916) 541-2849"
        ]
    },
    {
        "id": 7,
        "name": "Stevens Montgomery",
        "contactImg": "graphics/seeContactImg.xhtml?contactId=911",
        "emails": [
            "stevensmontgomery@pharmex.com",
            "stevensmontgomery@pharmex.com",
            "stevensmontgomery@pharmex.com",
            "stevensmontgomery@pharmex.com",
            "stevensmontgomery@pharmex.com"
        ],
        "phones": []
    },
    {
        "id": 8,
        "name": "Colon Strickland",
        "contactImg": "graphics/seeContactImg.xhtml?contactId=282",
        "emails": [
            "colonstrickland@pharmex.com",
            "colonstrickland@pharmex.com",
            "colonstrickland@pharmex.com"
        ],
        "phones": [
            "+1 (856) 540-3370",
            "+1 (886) 515-2306"
        ]
    },
    {
        "id": 9,
        "name": "Elsie Sloan",
        "contactImg": "graphics/seeContactImg.xhtml?contactId=929",
        "emails": [
            "elsiesloan@pharmex.com"
        ],
        "phones": [
            "+1 (915) 415-3215",
            "+1 (822) 443-2649",
            "+1 (840) 492-2381",
            "+1 (914) 443-3893",
            "+1 (808) 523-3344"
        ]
    },
    {
        "id": 10,
        "name": "Brock Conrad",
        "contactImg": "graphics/seeContactImg.xhtml?contactId=45",
        "emails": [
            "brockconrad@pharmex.com",
            "brockconrad@pharmex.com",
            "brockconrad@pharmex.com"
        ],
        "phones": [
            "+1 (927) 591-2566",
            "+1 (893) 514-3040",
            "+1 (895) 426-2127",
            "+1 (946) 480-2799"
        ]
    },
    {
        "id": 11,
        "name": "Adrienne Wiley",
        "contactImg": "graphics/seeContactImg.xhtml?contactId=75",
        "emails": [
            "adriennewiley@pharmex.com",
            "adriennewiley@pharmex.com",
            "adriennewiley@pharmex.com"
        ],
        "phones": []
    },
    {
        "id": 12,
        "name": "Sallie Rowe",
        "contactImg": "graphics/seeContactImg.xhtml?contactId=594",
        "emails": [
            "sallierowe@pharmex.com"
        ],
        "phones": [
            "+1 (839) 432-2824",
            "+1 (890) 572-3539",
            "+1 (805) 403-2727",
            "+1 (885) 418-2001",
            "+1 (960) 544-2556"
        ]
    },
    {
        "id": 13,
        "name": "Lorraine Sullivan",
        "contactImg": "graphics/seeContactImg.xhtml?contactId=14",
        "emails": [],
        "phones": [
            "+1 (905) 442-2545",
            "+1 (839) 548-2838",
            "+1 (810) 405-3239",
            "+1 (837) 537-3238",
            "+1 (880) 554-2767"
        ]
    },
    {
        "id": 14,
        "name": "Sonja Edwards",
        "contactImg": "graphics/seeContactImg.xhtml?contactId=26",
        "emails": [
            "sonjaedwards@pharmex.com",
            "sonjaedwards@pharmex.com",
            "sonjaedwards@pharmex.com"
        ],
        "phones": [
            "+1 (924) 579-3427",
            "+1 (872) 556-2968",
            "+1 (803) 483-2854"
        ]
    },
    {
        "id": 15,
        "name": "Hughes Finley",
        "contactImg": "graphics/seeContactImg.xhtml?contactId=636",
        "emails": [
            "hughesfinley@pharmex.com"
        ],
        "phones": []
    },
    {
        "id": 16,
        "name": "Kara Leach",
        "contactImg": "graphics/seeContactImg.xhtml?contactId=25",
        "emails": [
            "karaleach@pharmex.com",
            "karaleach@pharmex.com"
        ],
        "phones": [
            "+1 (865) 536-2551",
            "+1 (949) 476-2541",
            "+1 (986) 450-3069",
            "+1 (919) 561-2287",
            "+1 (968) 537-2486"
        ]
    },
    {
        "id": 17,
        "name": "Medina Brewer",
        "contactImg": "graphics/seeContactImg.xhtml?contactId=566",
        "emails": [
            "medinabrewer@pharmex.com",
            "medinabrewer@pharmex.com",
            "medinabrewer@pharmex.com"
        ],
        "phones": [
            "+1 (977) 529-3471"
        ]
    },
    {
        "id": 18,
        "name": "Maude Maldonado",
        "contactImg": "graphics/seeContactImg.xhtml?contactId=530",
        "emails": [
            "maudemaldonado@pharmex.com",
            "maudemaldonado@pharmex.com"
        ],
        "phones": [
            "+1 (850) 541-3244",
            "+1 (932) 497-2874",
            "+1 (976) 403-3711",
            "+1 (973) 598-2833",
            "+1 (908) 492-2613"
        ]
    },
    {
        "id": 19,
        "name": "Margaret Figueroa",
        "contactImg": "graphics/seeContactImg.xhtml?contactId=643",
        "emails": [
            "margaretfigueroa@pharmex.com",
            "margaretfigueroa@pharmex.com",
            "margaretfigueroa@pharmex.com",
            "margaretfigueroa@pharmex.com",
            "margaretfigueroa@pharmex.com"
        ],
        "phones": [
            "+1 (870) 493-2669",
            "+1 (901) 473-3853",
            "+1 (932) 460-3622"
        ]
    },
    {
        "id": 20,
        "name": "Leslie Gardner",
        "contactImg": "graphics/seeContactImg.xhtml?contactId=970",
        "emails": [
            "lesliegardner@pharmex.com",
            "lesliegardner@pharmex.com",
            "lesliegardner@pharmex.com",
            "lesliegardner@pharmex.com"
        ],
        "phones": [
            "+1 (841) 518-2147",
            "+1 (813) 580-3571",
            "+1 (941) 446-2425"
        ]
    },
    {
        "id": 21,
        "name": "Deann Jackson",
        "contactImg": "graphics/seeContactImg.xhtml?contactId=471",
        "emails": [
            "deannjackson@pharmex.com"
        ],
        "phones": [
            "+1 (932) 512-3659",
            "+1 (813) 588-3507",
            "+1 (834) 436-3583",
            "+1 (905) 559-3300"
        ]
    },
    {
        "id": 22,
        "name": "Jeanne Jarvis",
        "contactImg": "graphics/seeContactImg.xhtml?contactId=34",
        "emails": [
            "jeannejarvis@pharmex.com",
            "jeannejarvis@pharmex.com",
            "jeannejarvis@pharmex.com"
        ],
        "phones": [
            "+1 (975) 442-3909",
            "+1 (921) 420-3119",
            "+1 (997) 465-3467"
        ]
    },
    {
        "id": 23,
        "name": "Stark Buck",
        "contactImg": "graphics/seeContactImg.xhtml?contactId=847",
        "emails": [
            "starkbuck@pharmex.com",
            "starkbuck@pharmex.com",
            "starkbuck@pharmex.com",
            "starkbuck@pharmex.com"
        ],
        "phones": [
            "+1 (933) 466-2710",
            "+1 (855) 505-2623",
            "+1 (909) 469-2891",
            "+1 (829) 584-2549",
            "+1 (971) 595-2850"
        ]
    },
    {
        "id": 24,
        "name": "Geneva Hutchinson",
        "contactImg": "graphics/seeContactImg.xhtml?contactId=232",
        "emails": [
            "genevahutchinson@pharmex.com",
            "genevahutchinson@pharmex.com",
            "genevahutchinson@pharmex.com",
            "genevahutchinson@pharmex.com",
            "genevahutchinson@pharmex.com"
        ],
        "phones": [
            "+1 (984) 588-2527"
        ]
    },
    {
        "id": 25,
        "name": "Dee White",
        "contactImg": "graphics/seeContactImg.xhtml?contactId=969",
        "emails": [
            "deewhite@pharmex.com",
            "deewhite@pharmex.com",
            "deewhite@pharmex.com",
            "deewhite@pharmex.com",
            "deewhite@pharmex.com"
        ],
        "phones": []
    },
    {
        "id": 26,
        "name": "Turner Vinson",
        "contactImg": "graphics/seeContactImg.xhtml?contactId=443",
        "emails": [
            "turnervinson@pharmex.com",
            "turnervinson@pharmex.com"
        ],
        "phones": [
            "+1 (921) 473-3782",
            "+1 (833) 416-3621",
            "+1 (983) 597-3673",
            "+1 (973) 438-3018"
        ]
    },
    {
        "id": 27,
        "name": "Watkins Maynard",
        "contactImg": "graphics/seeContactImg.xhtml?contactId=60",
        "emails": [
            "watkinsmaynard@pharmex.com"
        ],
        "phones": [
            "+1 (970) 418-3455",
            "+1 (842) 414-2420"
        ]
    },
    {
        "id": 28,
        "name": "Tanner Little",
        "contactImg": "graphics/seeContactImg.xhtml?contactId=431",
        "emails": [
            "tannerlittle@pharmex.com",
            "tannerlittle@pharmex.com",
            "tannerlittle@pharmex.com"
        ],
        "phones": []
    },
    {
        "id": 29,
        "name": "Webb Norman",
        "contactImg": "graphics/seeContactImg.xhtml?contactId=232",
        "emails": [
            "webbnorman@pharmex.com"
        ],
        "phones": [
            "+1 (811) 445-3180"
        ]
    },
    {
        "id": 30,
        "name": "Elba Porter",
        "contactImg": "graphics/seeContactImg.xhtml?contactId=883",
        "emails": [
            "elbaporter@pharmex.com"
        ],
        "phones": [
            "+1 (812) 565-2806",
            "+1 (849) 561-3199"
        ]
    },
    {
        "id": 31,
        "name": "Imogene Hoffman",
        "contactImg": "graphics/seeContactImg.xhtml?contactId=264",
        "emails": [],
        "phones": [
            "+1 (886) 494-3732"
        ]
    },
    {
        "id": 32,
        "name": "Rivas Rosario",
        "contactImg": "graphics/seeContactImg.xhtml?contactId=806",
        "emails": [],
        "phones": [
            "+1 (872) 512-2188",
            "+1 (880) 430-2362",
            "+1 (959) 495-3888"
        ]
    },
    {
        "id": 33,
        "name": "Gwen Pittman",
        "contactImg": "graphics/seeContactImg.xhtml?contactId=821",
        "emails": [],
        "phones": [
            "+1 (998) 404-2144",
            "+1 (991) 563-2448"
        ]
    },
    {
        "id": 34,
        "name": "Robert Horton",
        "contactImg": "graphics/seeContactImg.xhtml?contactId=421",
        "emails": [
            "roberthorton@pharmex.com",
            "roberthorton@pharmex.com",
            "roberthorton@pharmex.com",
            "roberthorton@pharmex.com"
        ],
        "phones": [
            "+1 (900) 466-3220",
            "+1 (838) 540-3814",
            "+1 (939) 499-3654"
        ]
    },
    {
        "id": 35,
        "name": "Booker Reese",
        "contactImg": "graphics/seeContactImg.xhtml?contactId=898",
        "emails": [
            "bookerreese@pharmex.com",
            "bookerreese@pharmex.com",
            "bookerreese@pharmex.com"
        ],
        "phones": [
            "+1 (903) 403-3354",
            "+1 (916) 494-2330",
            "+1 (916) 468-3890"
        ]
    },
    {
        "id": 36,
        "name": "Terrie Molina",
        "contactImg": "graphics/seeContactImg.xhtml?contactId=622",
        "emails": [
            "terriemolina@pharmex.com",
            "terriemolina@pharmex.com",
            "terriemolina@pharmex.com",
            "terriemolina@pharmex.com",
            "terriemolina@pharmex.com"
        ],
        "phones": [
            "+1 (822) 487-3987",
            "+1 (910) 559-2698",
            "+1 (994) 470-3747"
        ]
    },
    {
        "id": 37,
        "name": "Debora Sutton",
        "contactImg": "graphics/seeContactImg.xhtml?contactId=68",
        "emails": [],
        "phones": [
            "+1 (812) 581-3396",
            "+1 (986) 551-2569",
            "+1 (920) 569-2811",
            "+1 (865) 524-3584"
        ]
    },
    {
        "id": 38,
        "name": "Thompson Colon",
        "contactImg": "graphics/seeContactImg.xhtml?contactId=341",
        "emails": [
            "thompsoncolon@pharmex.com",
            "thompsoncolon@pharmex.com",
            "thompsoncolon@pharmex.com"
        ],
        "phones": [
            "+1 (904) 472-3212",
            "+1 (993) 507-2085",
            "+1 (807) 478-3233",
            "+1 (843) 448-3034"
        ]
    },
    {
        "id": 39,
        "name": "Harriett Thornton",
        "contactImg": "graphics/seeContactImg.xhtml?contactId=149",
        "emails": [
            "harriettthornton@pharmex.com",
            "harriettthornton@pharmex.com",
            "harriettthornton@pharmex.com",
            "harriettthornton@pharmex.com"
        ],
        "phones": [
            "+1 (972) 493-2108",
            "+1 (892) 421-3637",
            "+1 (884) 440-2744"
        ]
    },
    {
        "id": 40,
        "name": "Russo Burton",
        "contactImg": "graphics/seeContactImg.xhtml?contactId=841",
        "emails": [
            "russoburton@pharmex.com",
            "russoburton@pharmex.com",
            "russoburton@pharmex.com",
            "russoburton@pharmex.com",
            "russoburton@pharmex.com"
        ],
        "phones": [
            "+1 (949) 487-2370",
            "+1 (949) 537-2459",
            "+1 (828) 401-3537",
            "+1 (802) 421-2078"
        ]
    },
    {
        "id": 41,
        "name": "Patti Orr",
        "contactImg": "graphics/seeContactImg.xhtml?contactId=109",
        "emails": [
            "pattiorr@pharmex.com"
        ],
        "phones": [
            "+1 (915) 508-3803",
            "+1 (962) 505-3331"
        ]
    },
    {
        "id": 42,
        "name": "Wynn Moreno",
        "contactImg": "graphics/seeContactImg.xhtml?contactId=62",
        "emails": [],
        "phones": [
            "+1 (916) 485-2717",
            "+1 (849) 437-3683",
            "+1 (981) 413-2324"
        ]
    },
    {
        "id": 43,
        "name": "Rhoda Bowman",
        "contactImg": "graphics/seeContactImg.xhtml?contactId=973",
        "emails": [
            "rhodabowman@pharmex.com",
            "rhodabowman@pharmex.com",
            "rhodabowman@pharmex.com"
        ],
        "phones": []
    },
    {
        "id": 44,
        "name": "Lorrie Klein",
        "contactImg": "graphics/seeContactImg.xhtml?contactId=715",
        "emails": [
            "lorrieklein@pharmex.com"
        ],
        "phones": [
            "+1 (956) 573-2373"
        ]
    },
    {
        "id": 45,
        "name": "Burt Glass",
        "contactImg": "graphics/seeContactImg.xhtml?contactId=348",
        "emails": [],
        "phones": [
            "+1 (802) 527-2020",
            "+1 (899) 405-2954"
        ]
    },
    {
        "id": 46,
        "name": "Ronda Mcguire",
        "contactImg": "graphics/seeContactImg.xhtml?contactId=868",
        "emails": [
            "rondamcguire@pharmex.com",
            "rondamcguire@pharmex.com",
            "rondamcguire@pharmex.com",
            "rondamcguire@pharmex.com",
            "rondamcguire@pharmex.com"
        ],
        "phones": [
            "+1 (991) 535-3125",
            "+1 (936) 485-3804"
        ]
    },
    {
        "id": 47,
        "name": "Higgins Elliott",
        "contactImg": "graphics/seeContactImg.xhtml?contactId=68",
        "emails": [],
        "phones": [
            "+1 (920) 594-3146",
            "+1 (896) 507-2898",
            "+1 (927) 576-2390"
        ]
    },
    {
        "id": 48,
        "name": "Maxine Contreras",
        "contactImg": "graphics/seeContactImg.xhtml?contactId=54",
        "emails": [
            "maxinecontreras@pharmex.com"
        ],
        "phones": []
    },
    {
        "id": 49,
        "name": "Rochelle Watson",
        "contactImg": "graphics/seeContactImg.xhtml?contactId=201",
        "emails": [
            "rochellewatson@pharmex.com",
            "rochellewatson@pharmex.com",
            "rochellewatson@pharmex.com",
            "rochellewatson@pharmex.com",
            "rochellewatson@pharmex.com"
        ],
        "phones": [
            "+1 (882) 541-3437",
            "+1 (825) 574-3374",
            "+1 (988) 424-3354",
            "+1 (807) 409-2799"
        ]
    }
]